path,payload_size,messages,count,min_us,mean_us,median_us,p95_us,p99_us,max_us
local_only,256,500,500,21.939,31.774262,26.016,54.67309999999999,99.24853999999989,186.56
distributed_only,ping,256,500,500,839.361,1080.071118,1060.9075,1326.3616,1598.438359999999,2004.518
hybrid_bridge,256,500,500,1143.257,1603.4205160000001,1522.132,2304.583099999995,2842.79924,3199.884
