path,payload_size,messages,count,min_us,mean_us,median_us,p95_us,p99_us,max_us
local_only,4096,3000,3000,21.549,27.89243833333333,24.1015,40.24599999999998,95.83937999999931,185.661
distributed_only,ping,4096,3000,3000,902.378,1361.2254206666667,1291.8375,1823.1086499999994,2483.006119999984,6143.283
hybrid_bridge,4096,3000,3000,1229.757,1716.8407106666668,1596.515,2156.245249999998,4134.356699999983,7604.323
