path,payload_size,messages,count,min_us,mean_us,median_us,p95_us,p99_us,max_us
local_only,256,3000,3000,21.061,34.45780966666667,26.101,62.611049999999985,110.31234999999992,238.31
distributed_only,ping,256,3000,3000,784.659,1274.3157573333333,1179.7295,1792.0374499999996,2197.862699999994,7480.365
hybrid_bridge,256,3000,3000,1107.407,1727.437638,1576.474,2351.4545,4598.835979999983,18076.124
