path,payload_size,messages,count,min_us,mean_us,median_us,p95_us,p99_us,max_us
local_only,1024,3000,3000,19.65,35.334559999999996,27.79,60.99824999999999,69.12761999999987,140.467
distributed_only,ping,1024,3000,3000,920.727,1432.3490060000001,1365.0695,1811.8082499999996,2705.830269999974,14116.184
hybrid_bridge,1024,3000,3000,1274.235,1858.659546,1774.2045,2272.7976499999995,4606.840189999978,13696.835
