path,payload_size,messages,count,min_us,mean_us,median_us,p95_us,p99_us,max_us
local_only,4096,3000,3000,21.108,33.935330666666665,25.9545,66.29279999999996,121.0265399999994,255.214
distributed_only,ping,4096,3000,3000,940.787,1396.6802673333334,1324.377,1767.0771999999993,2260.945519999997,12644.148
hybrid_bridge,4096,3000,3000,1284.671,2012.4948166666666,1925.908,2439.7865,4346.563179999987,16019.717
