path,payload_size,messages,count,min_us,mean_us,median_us,p95_us,p99_us,max_us
local_only,4096,3000,3000,19.918,26.89626133333333,23.9635,41.209499999999935,69.25784999999983,196.199
distributed_only,ping,4096,3000,3000,918.408,1334.8411680000002,1267.048,1689.9926999999993,3065.9650999999935,6674.893
hybrid_bridge,4096,3000,3000,1199.426,1934.554686,1659.1785,5092.319699999995,6058.990749999995,10638.127
