path,payload_size,messages,count,min_us,mean_us,median_us,p95_us,p99_us,max_us
local_only,256,3000,3000,21.102,27.691848666666665,24.195,46.58774999999992,93.7775799999995,193.563
distributed_only,ping,256,3000,3000,784.998,1107.557484,1065.5575,1445.7215999999996,1687.3308499999978,6667.26
hybrid_bridge,256,3000,3000,1065.022,1547.101076,1465.8605,2088.7805999999996,2584.97153,8799.8
