path,payload_size,messages,count,min_us,mean_us,median_us,p95_us,p99_us,max_us
local_only,256,3000,3000,21.74,28.222206999999997,23.962,52.494699999999966,89.74141999999986,187.341
distributed_only,ping,256,3000,3000,810.419,1389.812351,1184.059,2306.8116999999984,5092.501159999985,18213.914
hybrid_bridge,256,3000,3000,1066.409,1652.6291716666667,1547.407,2241.2672999999995,3248.578409999983,7500.314
