path,payload_size,messages,count,min_us,mean_us,median_us,p95_us,p99_us,max_us
local_only,1024,3000,3000,23.304,28.143465,27.5235,32.3413,44.33670999999991,138.324
distributed_only,ping,1024,3000,3000,975.772,1395.8662036666667,1367.098,1688.6804,1992.93824,6176.461
hybrid_bridge,1024,3000,3000,1302.988,1866.0560976666666,1785.526,2301.2998999999995,4357.414139999985,9117.179
