path,payload_size,messages,count,min_us,mean_us,median_us,p95_us,p99_us,max_us
local_only,1024,3000,3000,21.044,27.541378,23.8365,44.64789999999998,93.29266999999979,262.263
distributed_only,ping,1024,3000,3000,828.845,1281.3113663333334,1195.6275,1754.9540499999996,2318.7096899999656,9568.579
hybrid_bridge,1024,3000,3000,1132.401,1653.5879436666667,1571.363,2221.4835999999996,2642.567359999998,6745.605
